"","Name","Frequency"
"1","OLIVIA",933
"2","EMMA",789
"3","CHARLOTTE",711
"4","AVA",657
"5","SOPHIA",597
"6","ABIGAIL",501
"7","EMILY",478
"8","AMELIA",475
"9","MIA",462
"10","ISABELLA",432
"11","ELLA",429
"12","CHLOE",427
"13","EVELYN",413
"14","HANNAH",371
"15","GRACE",368
"16","ARIA",356
"17","AVERY",346
"18","LILY",334
"19","ISLA",324
"20","AUDREY",323
"21","SOFIA",323
"22","SCARLETT",314
"23","CLAIRE",307
"24","VICTORIA",301
"25","ELIZABETH",298
"26","MAYA",294
"27","MADISON",274
"28","MILA",266
"29","SOPHIE",251
"30","VIOLET",244
"31","SARAH",236
"32","LEAH",233
"33","BROOKLYN",232
"34","ELLIE",232
"35","JULIA",232
"36","HAILEY",227
"37","NORA",224
"38","ALICE",222
"39","HARPER",222
"40","ZOE",219
"41","ISABELLE",217
"42","ZOEY",214
"43","ANNA",211
"44","LAYLA",205
"45","CLARA",204
"46","ADDISON",202
"47","MACKENZIE",200
"48","QUINN",200
"49","RILEY",200
"50","EVA",192
"51","STELLA",191
"52","LILLIAN",188
"53","EVERLY",174
"54","ALYSSA",168
"55","PENELOPE",168
"56","GABRIELLA",160
"57","IVY",159
"58","MARIA",158
"59","ALEXANDRA",157
"60","ELEANOR",156
"61","LUCY",156
"62","NATALIE",156
"63","EMILIA",152
"64","AUBREY",151
"65","ARIANA",150
"66","LAUREN",150
"67","SAMANTHA",150
"68","AURORA",149
"69","SADIE",146
"70","NAOMI",145
"71","HAZEL",143
"72","ARIANNA",140
"73","PAISLEY",139
"74","PAIGE",136
"75","MADELYN",132
"76","ALEXIS",131
"77","GEORGIA",131
"78","ARYA",128
"79","RUBY",128
"80","WILLOW",127
"81","ANNABELLE",124
"82","SARA",123
"83","SIENNA",119
"84","RACHEL",118
"85","SAVANNAH",117
"86","NORAH",115
"87","TESSA",114
"88","AALIYAH",113
"89","AUTUMN",113
"90","MYA",113
"91","ZARA",113
"92","PEYTON",109
"93","JASMINE",107
"94","ELENA",106
"95","MARYAM",106
"96","BROOKE",105
"97","TAYLOR",105
"98","MADELINE",104
"99","ROSE",103
"100","PIPER",102
"101","VALENTINA",101
"102","JADE",100
"103","JESSICA",100
"104","KEIRA",100
"105","KYLIE",98
"106","AUBREE",95
"107","ISABEL",95
"108","SYDNEY",94
"109","ALEXA",92
"110","ELIANA",91
"111","NICOLE",91
"112","LYLA",90
"113","FAITH",89
"114","KATHERINE",88
"115","SELENA",88
"116","SKYLAR",87
"117","ADELINE",86
"118","ANAYA",86
"119","KAYLEE",86
"120","MADELEINE",85
"121","JOSEPHINE",84
"122","REBECCA",84
"123","TALIA",84
"124","CHARLIE",83
"125","FATIMA",83
"126","LUNA",83
"127","MAEVE",83
"128","MORGAN",83
"129","NEVAEH",83
"130","KINSLEY",82
"131","VIVIAN",82
"132","ELISE",81
"133","FIONA",81
"134","KAYLA",81
"135","MOLLY",81
"136","ADELAIDE",80
"137","BRIELLE",80
"138","FREYA",80
"139","IRIS",80
"140","LYDIA",79
"141","ROSALIE",78
"142","CHELSEA",77
"143","EDEN",77
"144","GABRIELLE",77
"145","SERENA",76
"146","ALESSIA",75
"147","AMY",75
"148","KATE",75
"149","MARY",75
"150","ANGELINA",74
"151","CATHERINE",74
"152","KENNEDY",74
"153","NATALIA",74
"154","NOVA",74
"155","SLOANE",74
"156","AYLA",71
"157","ZAHRA",71
"158","PAYTON",70
"159","THEA",70
"160","RYLEE",69
"161","VANESSA",69
"162","HADLEY",68
"163","NINA",68
"164","ATHENA",66
"165","SUMMER",66
"166","ALINA",65
"167","ANGELA",64
"168","ARIEL",64
"169","LILLY",64
"170","ADRIANA",63
"171","BRIANNA",63
"172","CALLIE",62
"173","EVANGELINE",62
"174","MARIAM",62
"175","RIVER",62
"176","ALIYAH",61
"177","ANASTASIA",61
"178","EVERLEIGH",61
"179","LARA",61
"180","ZAINAB",61
"181","AMAYA",60
"182","GEMMA",60
"183","LAURA",60
"184","MARGARET",60
"185","ALLISON",59
"186","BIANCA",59
"187","MADDISON",59
"188","MICHELLE",59
"189","MIRA",59
"190","JULIANNA",58
"191","LILIANA",58
"192","MIKAYLA",58
"193","CHRISTINA",57
"194","DELILAH",57
"195","BELLA",56
"196","BLAKE",56
"197","JORDYN",56
"198","LIA",56
"199","CECILIA",55
"200","ESTHER",55
"201","LENA",55
"202","MAKAYLA",55
"203","ADALYN",54
"204","ADELYN",54
"205","LILA",54
"206","AISHA",53
"207","ALEENA",53
"208","ANNIE",53
"209","JENNA",53
"210","OLIVE",53
"211","VIVIENNE",53
"212","ALIVIA",52
"213","ARIELLE",52
"214","ASHLEY",52
"215","BRYNN",52
"216","HANNA",52
"217","KARA",52
"218","KIARA",52
"219","LILAH",52
"220","MELODY",52
"221","ADALINE",51
"222","JULIETTE",51
"223","LANA",51
"224","CAROLINE",50
"225","ELOISE",50
"226","GENEVIEVE",50
"227","HARLOW",50
"228","LAILA",50
"229","BRYNLEE",49
"230","ELIZA",49
"231","ELLE",49
"232","FRANCES",49
"233","GRACIE",49
"234","NOELLE",49
"235","SAWYER",49
"236","ALAYNA",48
"237","ANIKA",48
"238","LEILA",48
"239","VIENNA",48
"240","AINSLEY",47
"241","CASSANDRA",47
"242","KAIA",47
"243","VALERIE",47
"244","ZOYA",47
"245","ADRIANNA",46
"246","JOANNA",46
"247","VERA",46
"248","DANIELLE",45
"249","GIA",45
"250","KAITLYN",45
"251","KHLOE",45
"252","MYLA",45
"253","NADIA",45
"254","OCTAVIA",45
"255","ROWAN",45
"256","AMIRA",44
"257","AYESHA",44
"258","CORA",44
"259","JULIET",44
"260","LEXI",44
"261","NYLA",44
"262","REESE",44
"263","TEAGAN",44
"264","ALEXIA",43
"265","AMBER",43
"266","ELSA",43
"267","JANE",43
"268","MYRA",43
"269","NOOR",43
"270","OPHELIA",43
"271","POPPY",43
"272","SIERRA",43
"273","ABBY",42
"274","CAMILA",42
"275","KATELYN",42
"276","KYLA",42
"277","MEGAN",42
"278","MICHAELA",42
"279","MIKAELA",42
"280","VERONICA",42
"281","BRIAR",41
"282","DAPHNE",41
"283","DIANA",41
"284","HEIDI",41
"285","JOY",41
"286","KATIE",41
"287","LENNON",41
"288","SABRINA",41
"289","ANA",40
"290","BRINLEY",40
"291","CHARLEE",40
"292","ELSIE",40
"293","HAYLEY",40
"294","JULIANA",40
"295","KIERA",40
"296","LEIA",40
"297","MARLEY",40
"298","SERENITY",40
"299","AMANDA",39
"300","AMARA",39
"301","ANYA",39
"302","CHLOÉ",39
"303","MAIA",39
"304","PHOEBE",39
"305","RAYNA",39
"306","RIYA",39
"307","TRINITY",39
"308","ARABELLA",38
"309","ELORA",38
"310","GABRIELA",38
"311","HOPE",38
"312","JACQUELINE",38
"313","JOCELYN",38
"314","KENZIE",38
"315","MAISIE",38
"316","MALIA",38
"317","TIFFANY",38
"318","ZOË",38
"319","BROOKLYNN",37
"320","DANIELLA",37
"321","DESTINY",37
"322","HANIYA",37
"323","HOLLY",37
"324","MCKENNA",37
"325","SHANAYA",37
"326","SIENA",37
"327","ADALYNN",36
"328","ARIAH",36
"329","BAILEY",36
"330","CASSIDY",36
"331","ERIN",36
"332","EVE",36
"333","FINLEY",36
"334","JENNIFER",36
"335","LÉA",36
"336","LIANA",36
"337","MELANIE",36
"338","STEPHANIE",36
"339","ALICIA",35
"340","ANNABELLA",35
"341","CADENCE",35
"342","FLORENCE",35
"343","HANA",35
"344","MILENA",35
"345","SLOAN",35
"346","HAYDEN",34
"347","MATILDA",34
"348","PARKER",34
"349","RHEA",34
"350","ALIYA",33
"351","ARIYA",33
"352","CELESTE",33
"353","DAISY",33
"354","DANA",33
"355","ELISA",33
"356","GWENDOLYN",33
"357","MAGGIE",33
"358","MAKENNA",33
"359","RAINA",33
"360","ALISHA",32
"361","ALIZA",32
"362","DAHLIA",32
"363","FELICITY",32
"364","KELLY",32
"365","KIRA",32
"366","LIVIA",32
"367","LOLA",32
"368","MARGOT",32
"369","MARIAH",32
"370","PRESLEY",32
"371","TENLEY",32
"372","ANDREA",31
"373","ANGEL",31
"374","ARIELLA",31
"375","DANIELA",31
"376","ELISABETH",31
"377","MELINA",31
"378","RYLEIGH",31
"379","AMINA",30
"380","APRIL",30
"381","BEATRICE",30
"382","CAMILLE",30
"383","CELINE",30
"384","DANICA",30
"385","EMERSON",30
"386","ERICA",30
"387","EVIE",30
"388","LOGAN",30
"389","SKYE",30
"390","ADA",29
"391","BLAKELY",29
"392","CAMILLA",29
"393","DANIKA",29
"394","HALEY",29
"395","JILLIAN",29
"396","KATRINA",29
"397","LACEY",29
"398","MELISSA",29
"399","MYAH",29
"400","PHOENIX",29
"401","SYEDA",29
"402","ALLIE",28
"403","ANNIKA",28
"404","AUDRINA",28
"405","CALI",28
"406","FRANCESCA",28
"407","HELENA",28
"408","KENDALL",28
"409","LONDON",28
"410","LUCIA",28
"411","SALMA",28
"412","SEERAT",28
"413","SIMONE",28
"414","AARYA",27
"415","ALIA",27
"416","AYA",27
"417","ESME",27
"418","HARLEY",27
"419","HARMONY",27
"420","KENDRA",27
"421","KINLEY",27
"422","LEONA",27
"423","MALLORY",27
"424","MAVIS",27
"425","NAYA",27
"426","PAISLEE",27
"427","RUTH",27
"428","SANA",27
"429","TIA",27
"430","ZOÉ",27
"431","ADELE",26
"432","ADELYNN",26
"433","EVERLEY",26
"434","HAFSA",26
"435","JANA",26
"436","JOSIE",26
"437","JUDY",26
"438","JUNE",26
"439","KAYLEIGH",26
"440","LINA",26
"441","LIV",26
"442","LOUISE",26
"443","MEREDITH",26
"444","PEARL",26
"445","AANYA",25
"446","ALANA",25
"447","CYNTHIA",25
"448","ELYSE",25
"449","IZABELLA",25
"450","JESSIE",25
"451","JORDAN",25
"452","KAILEY",25
"453","KYRA",25
"454","LEXIE",25
"455","RAYA",25
"456","SAFA",25
"457","ANGELICA",24
"458","BRIDGET",24
"459","CARMEN",24
"460","CHIARA",24
"461","ELAINA",24
"462","EMERY",24
"463","EMMY",24
"464","GLORIA",24
"465","KALI",24
"466","KIMBERLY",24
"467","KRISTINA",24
"468","LISA",24
"469","MIRANDA",24
"470","NYLAH",24
"471","TARA",24
"472","ALAINA",23
"473","ALISON",23
"474","DYLAN",23
"475","ESHAAL",23
"476","GIANNA",23
"477","GIULIANA",23
"478","HUNTER",23
"479","JAYLA",23
"480","JEMMA",23
"481","JULIE",23
"482","KAIYA",23
"483","MACY",23
"484","MANNAT",23
"485","MIRIAM",23
"486","ROSA",23
"487","RYLIE",23
"488","SAMARA",23
"489","SELINA",23
"490","WILLA",23
"491","AIZA",22
"492","ALESSANDRA",22
"493","BETHANY",22
"494","BRIELLA",22
"495","CHARLEIGH",22
"496","CHARLEY",22
"497","CLARE",22
"498","CLAUDIA",22
"499","EMILIE",22
"500","FATIMAH",22
"501","FAYE",22
"502","GISELLE",22
"503","GWEN",22
"504","INAYA",22
"505","LILIAN",22
"506","MACI",22
"507","MARIE",22
"508","MARISSA",22
"509","MILLIE",22
"510","MIYA",22
"511","NIA",22
"512","RYAN",22
"513","SCARLET",22
"514","ADDISYN",21
"515","DAKOTA",21
"516","EMBER",21
"517","GRACELYN",21
"518","HALLE",21
"519","INAAYA",21
"520","JADA",21
"521","KIANA",21
"522","MABEL",21
"523","MARA",21
"524","MEERA",21
"525","MILANA",21
"526","RORY",21
"527","SAVANNA",21
"528","SEHAJ",21
"529","SIMONA",21
"530","THALIA",21
"531","WINTER",21
"532","YASMINE",21
"533","YUSRA",21
"534","ADDILYN",20
"535","ASIYA",20
"536","AVIANA",20
"537","BLAIR",20
"538","BRAELYNN",20
"539","CAMRYN",20
"540","DALIA",20
"541","ELLIOTT",20
"542","KARINA",20
"543","KATHRYN",20
"544","LEA",20
"545","RAELYNN",20
"546","ROBYN",20
"547","RYANN",20
"548","SAOIRSE",20
"549","SKYLA",20
"550","SYLVIA",20
"551","YARA",20
"552","AILA",19
"553","ANAYAH",19
"554","AYAH",19
"555","CANDICE",19
"556","CARA",19
"557","CELIA",19
"558","EDITH",19
"559","IRENE",19
"560","LENNOX",19
"561","MARINA",19
"562","MARWA",19
"563","REAGAN",19
"564","RITA",19
"565","ALEXANDRIA",18
"566","BRAELYN",18
"567","CASEY",18
"568","CELINA",18
"569","DIYA",18
"570","DOROTHY",18
"571","ELAINE",18
"572","ELLIOT",18
"573","EMAAN",18
"574","EMELIA",18
"575","EMERSYN",18
"576","ESTELLE",18
"577","ISOBEL",18
"578","JAZMINE",18
"579","JOELLE",18
"580","JOLENE",18
"581","LIYANA",18
"582","MAE",18
"583","MAKENZIE",18
"584","MALAK",18
"585","MEADOW",18
"586","NOA",18
"587","RANIA",18
"588","RAVEN",18
"589","ROSIE",18
"590","RYLAN",18
"591","SAGE",18
"592","SASHA",18
"593","SIA",18
"594","SPENCER",18
"595","TIANA",18
"596","WREN",18
"597","YASMIN",18
"598","AIZAH",17
"599","ALMA",17
"600","ANDIE",17
"601","AVERIE",17
"602","AYANA",17
"603","AZALEA",17
"604","BRONWYN",17
"605","CALLA",17
"606","CARLY",17
"607","CIARA",17
"608","ELLIANA",17
"609","ELLIS",17
"610","ÉMILIE",17
"611","ERIKA",17
"612","HAREEM",17
"613","HEAVEN",17
"614","HELEN",17
"615","JOYCE",17
"616","JUNIPER",17
"617","KATERINA",17
"618","KAYDENCE",17
"619","LEEN",17
"620","MARLOWE",17
"621","MINA",17
"622","NATASHA",17
"623","PENNY",17
"624","PRISHA",17
"625","SHANIA",17
"626","TIANNA",17
"627","AMÉLIE",16
"628","ANIYA",16
"629","ASTRID",16
"630","AYAT",16
"631","CAMERON",16
"632","CARTER",16
"633","CHRISTINE",16
"634","CLEMENTINE",16
"635","EMMELINE",16
"636","EVELYNN",16
"637","FRANKIE",16
"638","HENLEY",16
"639","ISRA",16
"640","JIYA",16
"641","JOANNE",16
"642","KRISHA",16
"643","LEANNE",16
"644","LILIA",16
"645","LORELEI",16
"646","LYLAH",16
"647","MADILYN",16
"648","MARTHA",16
"649","MAXINE",16
"650","NADINE",16
"651","PRIYA",16
"652","SANDRA",16
"653","SARINA",16
"654","SHARON",16
"655","SHELBY",16
"656","SIMRAN",16
"657","TERESA",16
"658","ADDILYNN",15
"659","ADELINA",15
"660","AMAL",15
"661","AMELIE",15
"662","ANDI",15
"663","ANNE",15
"664","ASHLYN",15
"665","ASHLYNN",15
"666","ASPEN",15
"667","AURELIA",15
"668","AVAH",15
"669","AVNEET",15
"670","CALISTA",15
"671","CATALINA",15
"672","DEANNA",15
"673","DELANEY",15
"674","EDIE",15
"675","EILEEN",15
"676","ELINA",15
"677","ÉLODIE",15
"678","FARAH",15
"679","FLORA",15
"680","GENESIS",15
"681","HARLYN",15
"682","IMANI",15
"683","JANELLE",15
"684","KAELYN",15
"685","KATARINA",15
"686","KAYA",15
"687","KHADIJA",15
"688","KHADIJAH",15
"689","LEIGHTON",15
"690","MADINA",15
"691","MALIYAH",15
"692","MARILYN",15
"693","MCKENZIE",15
"694","MCKINLEY",15
"695","MONROE",15
"696","NAVYA",15
"697","REBEKAH",15
"698","REINA",15
"699","REMY",15
"700","ROSEMARY",15
"701","SCARLETTE",15
"702","SKYLER",15
"703","SORAYA",15
"704","ZARAH",15
"705","ALEEZA",14
"706","ALEKSANDRA",14
"707","ALENA",14
"708","ALEXIE",14
"709","ALORA",14
"710","AMNA",14
"711","ANABIA",14
"712","ANITA",14
"713","ANTONIA",14
"714","ARYANNA",14
"715","BÉATRICE",14
"716","BLAIRE",14
"717","CORALIE",14
"718","CORDELIA",14
"719","DANIA",14
"720","DEBORAH",14
"721","ELIANNA",14
"722","ELODIE",14
"723","GRACELYNN",14
"724","JAZLYN",14
"725","KAREN",14
"726","KASSANDRA",14
"727","KATHLEEN",14
"728","LAMAR",14
"729","LEANNA",14
"730","LEENA",14
"731","LEXA",14
"732","LIYA",14
"733","MAISY",14
"734","MAJA",14
"735","MARIANA",14
"736","MARLEE",14
"737","MEGHAN",14
"738","MINAHIL",14
"739","MONICA",14
"740","NANCY",14
"741","PAITYN",14
"742","PETRA",14
"743","RAELYN",14
"744","RAYNE",14
"745","REET",14
"746","REYA",14
"747","ROBIN",14
"748","SAFIYA",14
"749","SAHAR",14
"750","SANAYA",14
"751","SHILOH",14
"752","TALA",14
"753","ZARIAH",14
"754","ABBEY",13
"755","ABBIGAIL",13
"756","ALISA",13
"757","AMANI",13
"758","ANIYAH",13
"759","ARYANA",13
"760","AUBRIE",13
"761","AVIANNA",13
"762","AYRA",13
"763","AYVA",13
"764","BLYTHE",13
"765","DAYA",13
"766","EMA",13
"767","EMMANUELLE",13
"768","EVERLEE",13
"769","FARIDA",13
"770","FARRAH",13
"771","GURNOOR",13
"772","HADASSAH",13
"773","IQRA",13
"774","IRELAND",13
"775","JAMIE",13
"776","JAYDEN",13
"777","JOHANNA",13
"778","KYLEE",13
"779","LEYLA",13
"780","LORELAI",13
"781","LUCIANA",13
"782","LYRA",13
"783","NEVE",13
"784","NIMRAT",13
"785","NOLA",13
"786","PRISCILLA",13
"787","RACHAEL",13
"788","SAKINA",13
"789","SAMA",13
"790","SHANNON",13
"791","STEVIE",13
"792","TAYA",13
"793","TINA",13
"794","ZAYNAB",13
"795","ZURI",13
"796","AGNES",12
"797","AIMEE",12
"798","ALANNA",12
"799","ALEAH",12
"800","ALISSA",12
"801","AMIYAH",12
"802","AVLEEN",12
"803","BEATRIX",12
"804","BREANNA",12
"805","BRIA",12
"806","CAITLIN",12
"807","CAITLYN",12
"808","DESIREE",12
"809","ELIA",12
"810","ÉLOÏSE",12
"811","ESMÉ",12
"812","GRETA",12
"813","HADIA",12
"814","HALLIE",12
"815","HARRIET",12
"816","HAWA",12
"817","HEATHER",12
"818","HIBA",12
"819","HOORAIN",12
"820","IMAN",12
"821","INAYAH",12
"822","IZABELLE",12
"823","JANESSA",12
"824","JANICE",12
"825","JASLEEN",12
"826","JAYDE",12
"827","JUDITH",12
"828","KAYLIE",12
"829","LAYAN",12
"830","LILLIANA",12
"831","LUCILLE",12
"832","MACIE",12
"833","MIKA",12
"834","NILA",12
"835","OAKLEY",12
"836","PAULINA",12
"837","QUEENIE",12
"838","RAEGAN",12
"839","RENEE",12
"840","SAMIRA",12
"841","SHAYLA",12
"842","SHYLA",12
"843","SIYA",12
"844","SUSIE",12
"845","TALYA",12
"846","TAMARA",12
"847","TENZIN",12
"848","VICKY",12
"849","VIOLETTE",12
"850","ADDYSON",11
"851","ALLYSON",11
"852","ALYSON",11
"853","AMINAH",11
"854","AMIRAH",11
"855","ANNABEL",11
"856","ANTONELLA",11
"857","ARIYAH",11
"858","ARWEN",11
"859","AVELINE",11
"860","AYEZA",11
"861","BAHAR",11
"862","BAYLEE",11
"863","CARINA",11
"864","CASSIE",11
"865","CATALEYA",11
"866","CECELIA",11
"867","CHANTELLE",11
"868","COURTNEY",11
"869","DARYA",11
"870","DAVINA",11
"871","DUA",11
"872","ELISHA",11
"873","ELLY",11
"874","ESMÉE",11
"875","EVELINA",11
"876","GILLIAN",11
"877","GWENYTH",11
"878","HUSNA",11
"879","IMOGEN",11
"880","ISHA",11
"881","JANNAH",11
"882","JANNAT",11
"883","JASMIN",11
"884","JAYDA",11
"885","JESSA",11
"886","JOEY",11
"887","KALEY",11
"888","KASSIDY",11
"889","KENNA",11
"890","KRISTEN",11
"891","LAINEY",11
"892","LAURYN",11
"893","LILIANNA",11
"894","LILYANNA",11
"895","LOUISA",11
"896","MACKENNA",11
"897","MADYSON",11
"898","MANREET",11
"899","MILANIA",11
"900","NELLY",11
"901","NYAH",11
"902","PIA",11
"903","PYPER",11
"904","RAHMA",11
"905","REEM",11
"906","REMI",11
"907","SAIGE",11
"908","SARGUN",11
"909","SUTTON",11
"910","TATIANA",11
"911","ZAINA",11
"912","ZENDAYA",11
"913","ZOHA",11
"914","ABRIELLE",10
"915","ADDELYN",10
"916","ADINA",10
"917","ADIRA",10
"918","ADRIENNE",10
"919","AIYANA",10
"920","ALAYA",10
"921","ALIANA",10
"922","AMILIA",10
"923","ANABELLE",10
"924","ANJALI",10
"925","AOIFE",10
"926","ARIANNE",10
"927","ASEES",10
"928","AVALYN",10
"929","AYANNA",10
"930","BEATRIZ",10
"931","BERKELEY",10
"932","BRIANNE",10
"933","CAROLYN",10
"934","CECILY",10
"935","CHANEL",10
"936","CHARLIZE",10
"937","CONSTANCE",10
"938","CRYSTAL",10
"939","DEEMA",10
"940","DEMI",10
"941","DEVON",10
"942","DINA",10
"943","EDNA",10
"944","ELISSA",10
"945","ELLEN",10
"946","EMERALD",10
"947","EMMERSON",10
"948","FERN",10
"949","FINNLEY",10
"950","GEORGINA",10
"951","GIADA",10
"952","HAILEE",10
"953","HAVEN",10
"954","HILLARY",10
"955","HOLLAND",10
"956","ILA",10
"957","IVORY",10
"958","IYLA",10
"959","KALIYAH",10
"960","KALLIE",10
"961","KARISSA",10
"962","KELSEY",10
"963","KEZIAH",10
"964","KLARA",10
"965","LILITH",10
"966","LYRIC",10
"967","MADDIE",10
"968","MADELYNN",10
"969","MADILYNN",10
"970","MAËLLE",10
"971","MAEVA",10
"972","MALAIKA",10
"973","MALAYA",10
"974","MALINA",10
"975","MANHA",10
"976","MAREN",10
"977","MARIANNE",10
"978","MARTINA",10
"979","MERCY",10
"980","NAHLA",10
"981","NELLIE",10
"982","NIKI",10
"983","NYA",10
"984","REYNA",10
"985","ROSALYN",10
"986","RUHI",10
"987","SADAF",10
"988","SAKURA",10
"989","SELIN",10
"990","SOFIE",10
"991","VALERIA",10
"992","VEDA",10
"993","WINNIE",10
"994","YASMEEN",10
"995","ZAYNA",10
"996","ABBYGAIL",9
"997","ADELA",9
"998","ADÈLE",9
"999","ADLEY",9
"1000","AILEEN",9
"1001","AIYANNA",9
"1002","AKIRA",9
"1003","AKSHAYA",9
"1004","ALLEGRA",9
"1005","ALYA",9
"1006","ALYSSIA",9
"1007","AMARI",9
"1008","AMAYAH",9
"1009","AMEERA",9
"1010","AMÉLIA",9
"1011","AMREEN",9
"1012","ANANYA",9
"1013","ANISHA",9
"1014","ARDEN",9
"1015","ARISSA",9
"1016","ASHA",9
"1017","AVALON",9
"1018","AVNOOR",9
"1019","AZARIAH",9
"1020","BLAYKE",9
"1021","BRIE",9
"1022","CASSIA",9
"1023","CIERRA",9
"1024","CINDY",9
"1025","DARIA",9
"1026","ELIN",9
"1027","EMAN",9
"1028","ESMERALDA",9
"1029","ETTA",9
"1030","EUNICE",9
"1031","FINLEIGH",9
"1032","GIULIA",9
"1033","GWYNETH",9
"1034","HADIYA",9
"1035","HANIA",9
"1036","HARLEE",9
"1037","HAYLEE",9
"1038","HAYLIE",9
"1039","HUDA",9
"1040","ISADORA",9
"1041","JAIME",9
"1042","JIA",9
"1043","JOLIE",9
"1044","JOVIE",9
"1045","KARLEE",9
"1046","KATIA",9
"1047","KAVYA",9
"1048","KENLEY",9
"1049","KENSINGTON",9
"1050","LAIBA",9
"1051","LAURENCE",9
"1052","LEILANI",9
"1053","LENI",9
"1054","LINDA",9
"1055","LINDSAY",9
"1056","MAHIRA",9
"1057","MARION",9
"1058","MELIA",9
"1059","MERCEDES",9
"1060","MICAELA",9
"1061","MISHA",9
"1062","MORIAH",9
"1063","MYRAH",9
"1064","NALA",9
"1065","NATHALIE",9
"1066","NIKA",9
"1067","NIKKI",9
"1068","NOEMI",9
"1069","NOÉMIE",9
"1070","NOUR",9
"1071","OAKLYN",9
"1072","OVIYA",9
"1073","PATRICIA",9
"1074","PRECIOUS",9
"1075","RAMONA",9
"1076","REHMAT",9
"1077","REMINGTON",9
"1078","RIPLEY",9
"1079","ROSELYN",9
"1080","ROSLYN",9
"1081","ROWYN",9
"1082","SAANVI",9
"1083","SAFIYYAH",9
"1084","SAVREEN",9
"1085","SERENE",9
"1086","SHAY",9
"1087","SHAYNA",9
"1088","SHREYA",9
"1089","SIRAT",9
"1090","SYLVIE",9
"1091","TANISHA",9
"1092","TORI",9
"1093","VADA",9
"1094","VAYDA",9
"1095","VERONIKA",9
"1096","VIKTORIA",9
"1097","WYNTER",9
"1098","ZELDA",9
"1099","ZIA",9
"1100","AADHYA",8
"1101","AAHANA",8
"1102","ALAYAH",8
"1103","ALEEN",8
"1104","ALYVIA",8
"1105","AMALIA",8
"1106","AMEERAH",8
"1107","ANABELLA",8
"1108","ANAIYA",8
"1109","ANN",8
"1110","ANNALISE",8
"1111","ARIADNE",8
"1112","ASIA",8
"1113","AUDRA",8
"1114","AVIA",8
"1115","BAANI",8
"1116","BELLAMY",8
"1117","BLESSING",8
"1118","BRIANA",8
"1119","BRYNLEY",8
"1120","CARLA",8
"1121","CARMELA",8
"1122","CARYS",8
"1123","CHARLI",8
"1124","CHAYA",8
"1125","CHELSEY",8
"1126","CHLOË",8
"1127","CLAIRA",8
"1128","COLETTE",8
"1129","DANYA",8
"1130","DARCY",8
"1131","DELIA",8
"1132","DELPHINE",8
"1133","DIVINE",8
"1134","DOMINIQUE",8
"1135","ELENI",8
"1136","ÉLISE",8
"1137","ELOÏSE",8
"1138","FATEMA",8
"1139","FELICIA",8
"1140","GIOVANNA",8
"1141","HAFSAH",8
"1142","HALA",8
"1143","HARNOOR",8
"1144","HAYA",8
"1145","IDA",8
"1146","INDIANA",8
"1147","IRA",8
"1148","IRHA",8
"1149","JAYA",8
"1150","JEAN",8
"1151","JULIANNE",8
"1152","JUNO",8
"1153","KAIRI",8
"1154","KAMRYN",8
"1155","KAROLINA",8
"1156","KASEY",8
"1157","KRYSTAL",8
"1158","LAKSHMI",8
"1159","LAYLAH",8
"1160","LEELA",8
"1161","LIANNA",8
"1162","LONDYN",8
"1163","LORENA",8
"1164","LUCIE",8
"1165","MACEY",8
"1166","MAGDALENA",8
"1167","MAIRA",8
"1168","MALIKA",8
"1169","MIAH",8
"1170","MICHELA",8
"1171","MONA",8
"1172","NAILA",8
"1173","NAWAL",8
"1174","NERIAH",8
"1175","NITYA",8
"1176","NOORA",8
"1177","PARIS",8
"1178","PIPPA",8
"1179","RAE",8
"1180","RAYAH",8
"1181","RIA",8
"1182","ROMY",8
"1183","ROSALEE",8
"1184","ROSALIND",8
"1185","SELAH",8
"1186","SHAM",8
"1187","SIMRAT",8
"1188","SOLEIL",8
"1189","SONYA",8
"1190","SUNNY",8
"1191","SYBIL",8
"1192","THERESA",8
"1193","TRUDY",8
"1194","VAIDA",8
"1195","VALENCIA",8
"1196","VIANNA",8
"1197","VIVIEN",8
"1198","WINIFRED",8
"1199","YANA",8
"1200","ZAYNAH",8
"1201","ZOIE",8
"1202","AAIRAH",7
"1203","AAMINAH",7
"1204","AARIA",7
"1205","ABBIE",7
"1206","ADELLE",7
"1207","AGANETHA",7
"1208","AKSHARA",7
"1209","ALANNAH",7
"1210","ALBA",7
"1211","ALEESA",7
"1212","ALLY",7
"1213","ALTHEA",7
"1214","AMIA",7
"1215","ANGIE",7
"1216","ANISA",7
"1217","ARABELLE",7
"1218","ARIANE",7
"1219","ARISHA",7
"1220","ARWYN",7
"1221","ASMA",7
"1222","AUGUST",7
"1223","AVANI",7
"1224","AYLIN",7
"1225","AZRA",7
"1226","BAILEE",7
"1227","BILLIE",7
"1228","BRENNA",7
"1229","BRYNLEIGH",7
"1230","CATHY",7
"1231","CHARLENE",7
"1232","CHEYENNE",7
"1233","CLARKE",7
"1234","CORALINE",7
"1235","DENISE",7
"1236","DIVYA",7
"1237","DORIS",7
"1238","EILA",7
"1239","ELAYNA",7
"1240","ELEANA",7
"1241","ELINOR",7
"1242","ELLENA",7
"1243","ELLIA",7
"1244","ELLIOTTE",7
"1245","ELYSSA",7
"1246","EMILEE",7
"1247","EMMALYN",7
"1248","ESRA",7
"1249","EVALYN",7
"1250","EVANA",7
"1251","EVANGELINA",7
"1252","EVELYNE",7
"1253","GELILA",7
"1254","GUNEET",7
"1255","HARLYNN",7
"1256","ILYANA",7
"1257","IMAAN",7
"1258","INARA",7
"1259","ISABELL",7
"1260","JAPNEET",7
"1261","JEMIMA",7
"1262","JORDANA",7
"1263","JOVANA",7
"1264","JUDE",7
"1265","JUSTINA",7
"1266","KAILYN",7
"1267","KAMILA",7
"1268","KARLA",7
"1269","KAYLYN",7
"1270","KYLEIGH",7
"1271","LIELLE",7
"1272","LILIANE",7
"1273","LILLIE",7
"1274","LILY-ANN",7
"1275","LOVINA",7
"1276","MAGALIE",7
"1277","MAGNOLIA",7
"1278","MAHA",7
"1279","MAHEEN",7
"1280","MALIYA",7
"1281","MANDY",7
"1282","MARIANNA",7
"1283","MARISA",7
"1284","MARLOW",7
"1285","MATTEA",7
"1286","MAYAH",7
"1287","MEHER",7
"1288","MELANIA",7
"1289","MELODIE",7
"1290","NAIA",7
"1291","NAIYA",7
"1292","NAVA",7
"1293","NIKITA",7
"1294","NIYA",7
"1295","NYRA",7
"1296","ORLY",7
"1297","PHILIPPA",7
"1298","PORTIA",7
"1299","PRINCESS",7
"1300","RAINE",7
"1301","REIGN",7
"1302","RUBANI",7
"1303","SABINA",7
"1304","SAHARA",7
"1305","SAIRA",7
"1306","SALWA",7
"1307","SAMAR",7
"1308","SAMIA",7
"1309","SANIA",7
"1310","SAVANAH",7
"1311","SCOTLYN",7
"1312","SCOTTIE",7
"1313","SELENE",7
"1314","SERAFINA",7
"1315","SERAPHINA",7
"1316","SHAE",7
"1317","SHAELYN",7
"1318","TABITHA",7
"1319","TALIYAH",7
"1320","TASNEEM",7
"1321","TEGAN",7
"1322","TESS",7
"1323","VIOLA",7
"1324","VIRGINIA",7
"1325","WAVERLY",7
"1326","YVONNE",7
"1327","ZADIE",7
"1328","ZAIRA",7
"1329","ZEHRA",7
"1330","AARIYAH",6
"1331","AARNA",6
"1332","AAROHI",6
"1333","AARUSHI",6
"1334","AAVYA",6
"1335","ADORA",6
"1336","ALAIA",6
"1337","ALESHA",6
"1338","ALESSA",6
"1339","ALEX",6
"1340","ALI",6
"1341","ALYSHA",6
"1342","AMARIS",6
"1343","ANAÏS",6
"1344","ARIELA",6
"1345","ARINA",6
"1346","ARTEMIS",6
"1347","AURÉLIE",6
"1348","AVELYN",6
"1349","AYSHA",6
"1350","BABY",6
"1351","BARBARA",6
"1352","BATOOL",6
"1353","BREE",6
"1354","BRENDA",6
"1355","BRISTOL",6
"1356","CAROL",6
"1357","CIANNA",6
"1358","CORAL",6
"1359","CRISTINA",6
"1360","DALLAS",6
"1361","DEVINA",6
"1362","DEVYN",6
"1363","DUAA",6
"1364","DUNYA",6
"1365","EESHA",6
"1366","ELA",6
"1367","ELEANORA",6
"1368","ELIF",6
"1369","ELOWEN",6
"1370","ELOWYN",6
"1371","ELYSIA",6
"1372","ESHAL",6
"1373","ESTELLA",6
"1374","EVALINA",6
"1375","ÈVE",6
"1376","FATMA",6
"1377","FREYJA",6
"1378","GENEVA",6
"1379","GENEVIÈVE",6
"1380","GIANA",6
"1381","GRETCHEN",6
"1382","GUINEVERE",6
"1383","GUREET",6
"1384","HABIBA",6
"1385","HAJAR",6
"1386","HANAN",6
"1387","HARGUN",6
"1388","HARLEIGH",6
"1389","HAVANA",6
"1390","HEAVENLY",6
"1391","HENSLEY",6
"1392","HILARY",6
"1393","INAAYAH",6
"1394","INDIE",6
"1395","ISABELA",6
"1396","IVANA",6
"1397","IZABEL",6
"1398","JAELYN",6
"1399","JANAYA",6
"1400","JAPLEEN",6
"1401","JAPNOOR",6
"1402","JAYNA",6
"1403","JAZMYN",6
"1404","JEANNE",6
"1405","JELENA",6
"1406","JENNAH",6
"1407","JENNY",6
"1408","JEWEL",6
"1409","JOSSLYN",6
"1410","JOURNEY",6
"1411","JUSTICE",6
"1412","KAELYNN",6
"1413","KAHLAN",6
"1414","KAI",6
"1415","KAIRA",6
"1416","KAIYAH",6
"1417","KALINA",6
"1418","KALISTA",6
"1419","KARLIE",6
"1420","KARMA",6
"1421","KATHY",6
"1422","KEERAT",6
"1423","KENZI",6
"1424","KEREN",6
"1425","KHALEESI",6
"1426","KIANNA",6
"1427","KIERRA",6
"1428","KIMIA",6
"1429","KIYAH",6
"1430","KYRAH",6
"1431","LAILAH",6
"1432","LARISSA",6
"1433","LAUREL",6
"1434","LAYA",6
"1435","LAYAL",6
"1436","LENNYN",6
"1437","LILYANA",6
"1438","LINDSEY",6
"1439","LORRAINE",6
"1440","LUX",6
"1441","MADALYN",6
"1442","MAELLE",6
"1443","MAHI",6
"1444","MAIYA",6
"1445","MANAL",6
"1446","MAPLE",6
"1447","MARCELLA",6
"1448","MARGAUX",6
"1449","MARGO",6
"1450","MARIKA",6
"1451","MARLA",6
"1452","MAX",6
"1453","MAY",6
"1454","MAYAR",6
"1455","MELINDA",6
"1456","MILLA",6
"1457","MINERVA",6
"1458","MINHA",6
"1459","MINNA",6
"1460","MINSA",6
"1461","MOLLIE",6
"1462","MURPHY",6
"1463","NAIRA",6
"1464","NAVY",6
"1465","NICOLA",6
"1466","NIKOLINA",6
"1467","NIMRIT",6
"1468","NOURA",6
"1469","NURA",6
"1470","ODESSA",6
"1471","ORLA",6
"1472","RABIA",6
"1473","RAIN",6
"1474","RANA",6
"1475","RAPHAËLLE",6
"1476","RAYYAN",6
"1477","REGAN",6
"1478","REGINA",6
"1479","RIDA",6
"1480","RILEIGH",6
"1481","RILYNN",6
"1482","ROSALIA",6
"1483","ROSEMARIE",6
"1484","RYLYNN",6
"1485","SABA",6
"1486","SALEM",6
"1487","SALLY",6
"1488","SAMAYA",6
"1489","SAPPHIRE",6
"1490","SARAI",6
"1491","SARAYA",6
"1492","SAVERA",6
"1493","SAYLOR",6
"1494","SEERIT",6
"1495","SHEA",6
"1496","SILVER",6
"1497","SIYANA",6
"1498","SKY",6
"1499","SOHA",6
"1500","SONIA",6
"1501","SUSAN",6
"1502","TAYAH",6
"1503","TAYLA",6
"1504","TEYA",6
"1505","TILLY",6
"1506","TIYA",6
"1507","TRISHA",6
"1508","VASILIKI",6
"1509","WHITNEY",6
"1510","WINONA",6
"1511","YASMINA",6
"1512","YOLANDA",6
"1513","YUNA",6
"1514","ZAARA",6
"1515","ZAHARA",6
"1516","ZAYA",6
"1517","ZUNAIRAH",6
